{"count":1,"gauges":{"My Behavior.CumulativeReward":{"count":242,"max":30.3032455,"min":3.2857244,"value":13.2021828,"weightedAverage":16.2971382}},"self":8.8530336,"total":52.7808845,"children":{"AgentSendState":{"count":7734,"self":1.5820299,"total":14.7133544,"children":{"CollectObservations":{"count":42537,"self":0.24196859999999998,"total":0.24196859999999998,"children":null},"CollectDiscreteActionMasks":{"count":42537,"self":0.2209691,"total":0.2209691,"children":null},"AgentInfo.ToProto":{"count":42537,"self":0.72388849999999993,"total":12.668386799999999,"children":{"GenerateSensorData":{"count":42537,"self":0.8738226,"total":11.9444983,"children":{"RayPerceptionSensor.Perceive":{"count":42537,"self":11.070675999999999,"total":11.070675699999999,"children":null}}}}}}},"DecideAction":{"count":7734,"self":28.891443199999998,"total":28.8914427,"children":null},"AgentAct":{"count":7734,"self":0.21303519999999998,"total":0.32206239999999997,"children":{"AgentInfo.ToProto":{"count":242,"self":0.0029982999999999998,"total":0.10902719999999999,"children":{"GenerateSensorData":{"count":242,"self":0.0089994,"total":0.1060289,"children":{"RayPerceptionSensor.Perceive":{"count":242,"self":0.097029499999999991,"total":0.097029499999999991,"children":null}}}}}}}}}