{"count":1,"gauges":{},"self":0.9990409,"total":1.2961038999999999,"children":{"AgentSendState":{"count":35,"self":0.0060006999999999994,"total":0.0129985,"children":{"CollectObservations":{"count":35,"self":0.005998,"total":0.005998,"children":null},"CollectDiscreteActionMasks":{"count":35,"self":0.0009998,"total":0.0009998,"children":null}}},"DecideAction":{"count":35,"self":0.2780421,"total":0.2780421,"children":null},"AgentAct":{"count":35,"self":0.0040228,"total":0.0040228,"children":null}}}