{"count":1,"gauges":{"My Behavior.CumulativeReward":{"count":6,"max":44.2338371,"min":24.2646847,"value":41.8672562,"weightedAverage":37.04274}},"self":33.9417888,"total":44.2187116,"children":{"AgentSendState":{"count":2184,"self":0.0525143,"total":0.0867854,"children":{"CollectObservations":{"count":2184,"self":0.0282666,"total":0.0282666,"children":null},"CollectDiscreteActionMasks":{"count":2184,"self":0.0060044999999999994,"total":0.0060044999999999994,"children":null}}},"DecideAction":{"count":2184,"self":10.1514744,"total":10.1514747,"children":null},"AgentAct":{"count":2184,"self":0.0376617,"total":0.0376617,"children":null}}}