{"count":1,"gauges":{"My Behavior.CumulativeReward":{"count":596,"max":27.7814732,"min":3.42922544,"value":7.34320259,"weightedAverage":16.0163269}},"self":16.7461216,"total":102.8124943,"children":{"AgentSendState":{"count":15317,"self":3.0104672,"total":28.8043671,"children":{"CollectObservations":{"count":84249,"self":0.5079022,"total":0.5079022,"children":null},"CollectDiscreteActionMasks":{"count":84249,"self":0.4539409,"total":0.4539409,"children":null},"AgentInfo.ToProto":{"count":84249,"self":1.3587879,"total":24.832056899999998,"children":{"GenerateSensorData":{"count":84249,"self":1.7961719999999999,"total":23.473269,"children":{"RayPerceptionSensor.Perceive":{"count":84249,"self":21.6770976,"total":21.6770969,"children":null}}}}}}},"DecideAction":{"count":15317,"self":56.5394048,"total":56.539401999999995,"children":null},"AgentAct":{"count":15317,"self":0.4585607,"total":0.7216024,"children":{"AgentInfo.ToProto":{"count":596,"self":0.0130038,"total":0.2630417,"children":{"GenerateSensorData":{"count":596,"self":0.023995199999999998,"total":0.2500379,"children":{"RayPerceptionSensor.Perceive":{"count":596,"self":0.22604269999999999,"total":0.22604269999999999,"children":null}}}}}}}}}